<?xml version="1.0" encoding="UTF-8"?>
<GenRun Id="synth_1" LaunchPart="xck26-sfvc784-2LVI-i" LaunchTime="1661618170">
  <File Type="PA-TCL" Name="SPI.tcl"/>
  <File Type="RDS-PROPCONSTRS" Name="SPI_drc_synth.rpt"/>
  <File Type="REPORTS-TCL" Name="SPI_reports.tcl"/>
  <File Type="RDS-RDS" Name="SPI.vds"/>
  <File Type="RDS-UTIL" Name="SPI_utilization_synth.rpt"/>
  <File Type="RDS-UTIL-PB" Name="SPI_utilization_synth.pb"/>
  <File Type="RDS-DCP" Name="SPI.dcp"/>
  <File Type="VDS-TIMINGSUMMARY" Name="SPI_timing_summary_synth.rpt"/>
  <File Type="VDS-TIMING-PB" Name="SPI_timing_summary_synth.pb"/>
  <FileSet Name="sources" Type="DesignSrcs" RelSrcDir="$PSRCDIR/sources_1" RelGenDir="$PGENDIR/sources_1">
    <Filter Type="Srcs"/>
    <File Path="$PPRDIR/../Q3/Q3.srcs/sources_1/new/SPI.v">
      <FileInfo>
        <Attr Name="UsedIn" Val="synthesis"/>
        <Attr Name="UsedIn" Val="implementation"/>
        <Attr Name="UsedIn" Val="simulation"/>
      </FileInfo>
    </File>
    <Config>
      <Option Name="DesignMode" Val="RTL"/>
      <Option Name="TopModule" Val="SPI"/>
      <Option Name="TopAutoSet" Val="TRUE"/>
    </Config>
  </FileSet>
  <FileSet Name="constrs_in" Type="Constrs" RelSrcDir="$PSRCDIR/constrs_1">
    <Filter Type="Constrs"/>
    <Config>
      <Option Name="ConstrsType" Val="XDC"/>
    </Config>
  </FileSet>
  <FileSet Name="utils" Type="Utils" RelSrcDir="$PSRCDIR/utils_1">
    <Filter Type="Utils"/>
    <Config>
      <Option Name="TopAutoSet" Val="TRUE"/>
    </Config>
  </FileSet>
  <Strategy Version="1" Minor="2">
    <StratHandle Name="Vivado Synthesis Defaults" Flow="Vivado Synthesis 2022">
      <Desc>Vivado Synthesis Defaults</Desc>
    </StratHandle>
    <Step Id="synth_design"/>
  </Strategy>
</GenRun>
